ID,Cell_type,Brain_region,Trough_Peak_latency,ACG_tau_decay,ACG_tau_rise,Peak_asymmetry,Burst_index,RF_violation
0,Wide Interneuron,,0.483333333333333,4.67556047305543,3.55154576639303,0.967212790589887,1.79715302491103,0
1,Narrow Interneuron,,0.233333333333333,43.063849273321,11.5257848402276,0.885887969640265,0.980582524271845,0
2,Wide Interneuron,VPL,0.475,4.83488340062374,3.84426232412047,1.04958728597035,3.60714285714286,0
3,Wide Interneuron,,1.11666666666667,5.47345060754963,4.14453202034632,-0.827630753683331,0,0
4,Pyramidal Cell,,0.566666666666667,20.280847156273,2.36112090314745,1.07070225418538,14.8680203045685,0
5,Pyramidal Cell,VPM,0.433333333333333,22.682194485016,0.542488327041949,0.996565455201275,19.8304878048781,2.13932343896243
6,Narrow Interneuron,,0.208333333333333,17.3379343406949,5.93695176460485,0.991360315143583,0,0
7,Narrow Interneuron,,0.35,9.6920515124464,0.68565073638713,1.04328616194774,99.4619289340101,1.63576881134133
8,Pyramidal Cell,,0.566666666666667,2.62948829022646,2.14651584774631,1.00626263726152,1.06778606965174,0.272182906913446
9,Wide Interneuron,,0.558333333333333,39.6749565884954,3.11449229528025,1.0909118385713,2.77981651376147,1.57315154693235
10,Narrow Interneuron,RT,0.391666666666667,29.089609503685,1.28333937600835,1.01706244208577,9.94798583444001,2.14132762312634
11,Narrow Interneuron,,0.216666666666667,13.7218992247395,5.43611159636228,0.901487082648406,0,0
12,Wide Interneuron,,1.15833333333333,4.84581889661501,4.47454805389689,-0.132608781420983,1.11849390919158,1.11152278621712
13,Pyramidal Cell,,0.658333333333333,6.13003253687104,0.361602023012122,0.931158321651824,173.018900343643,0
14,Pyramidal Cell,,0.566666666666667,10.8813775091168,0.99204231213881,1.03792463350253,17.7010309278351,0
15,Wide Interneuron,VPM,0.441666666666667,66.0758113022275,1.46484232740308,1.00981084955365,5.61567988833314,3.53998788951511
16,Narrow Interneuron,,0.4,50.4073300566935,8.2228704470237,-0.546719264565471,0.798193621224951,0
17,Narrow Interneuron,,0.283333333333333,27.5592882533194,4.20008091700676,1.02896069136891,3.93440562955517,0.375845652718617
18,Pyramidal Cell,,0.441666666666667,20.8224335651425,1.69350758612563,1.03350270376751,1.10583941605839,0
19,Wide Interneuron,,0.9,9.10898077770064,4.70037503655513,-0.792886910316833,0,0
20,Wide Interneuron,,0.525,165.2749071293,2.11076610138855,0.991584036341404,36.1473684210526,1.82815356489945
21,Wide Interneuron,,0.558333333333333,38.9902261518668,4.62959604663727,1.07791397148836,1.56589147286822,0
22,Narrow Interneuron,VPM,0.383333333333333,47.5311215744336,0.813863337426609,0.944483150973825,11.158142999007,2.47329960652052
23,Pyramidal Cell,,0.541666666666667,9.09464594258107,2.71303814875657,0.638646352829344,2.31803278688525,0.312207305650952
24,Wide Interneuron,MEA,0.541666666666667,34.6704530060848,9.8583169875476,0.835905226963336,1.578125,0
25,Wide Interneuron,,1.35833333333333,68.8401564376764,11.335138504056,-1.00156254640454,2.73371473663444,8.34386852085967
26,Narrow Interneuron,RT,0.216666666666667,15.698048942683,0.853206782811198,1.01882744812477,31.6401017380246,11.1032028469751
27,Wide Interneuron,,0.583333333333333,10.2709878226251,7.29138883198544,0.429554826486032,3.51304347826087,1.91113234591495
28,Narrow Interneuron,,0.366666666666667,11.8601812869127,0.660127382245243,0.850564686853359,6.21077977403223,0.17951709900368
29,Narrow Interneuron,VPM,0.391666666666667,10.956620375819,0.759639037024392,0.982206661289251,23.3780172413793,8.16404025061705
30,Wide Interneuron,,0.508333333333333,9.97715514783096,9.99869422930868,0.661203473850228,0.125103220478943,0
31,Wide Interneuron,,0.6,8.06099548754635,3.36832891742707,0.959662000396652,0.311728395061728,0.711617149973314
32,Wide Interneuron,,0.533333333333333,66.6698883514807,1.14367972818647,1.03183675897917,14.3130504403523,0
33,Narrow Interneuron,RT,0.408333333333333,2.19895752184066,1.93510496987415,0.961628592864083,6.23468347390861,1.37870527041424
34,Wide Interneuron,,0.608333333333333,37.8073012149941,1.06813019907177,0.604539679908638,28.4404332129964,1.35869565217391
35,Narrow Interneuron,RT,0.35,16.3711136577134,0.321092164039364,1.01242285169249,10.4602348249889,13.4981708086287
36,Pyramidal Cell,,0.6,16.3272038599407,1.17788859866836,0.221186494023062,8.3325,0.933706816059757
37,Wide Interneuron,,0.583333333333333,4.82806544822651,3.90712915751541,0.943149455828535,7.06999999999999,0
38,Narrow Interneuron,VPM,0.391666666666667,8.62456471151417,1.90940670127045,1.00229902476599,6.7710374863898,4.61483848065318
39,Wide Interneuron,,0.616666666666667,5.14517335041018,5.09919707294994,0.194439777283675,0.18346957311535,0.903342366757001
40,Pyramidal Cell,,0.7,4.53028824075625,0.294655919632871,0.947712620609739,273.865384615384,0
41,Wide Interneuron,,1.38333333333333,431.14482043121,0.967139843949085,-1.02569868141265,2.43948921251898,0.517122500574581
42,Pyramidal Cell,,0.575,1.74321094226636,1.58649703778291,0.827548053725462,1.75289256198347,0
43,Wide Interneuron,RT,0.45,38.6047130159148,0.83760685304476,0.592045132690446,24.2750965250965,0
44,Pyramidal Cell,,0.483333333333333,10.7263923629076,0.560473577212197,1.030801525112,10.2134831460674,2.13219616204691
45,Pyramidal Cell,,0.6,9.56159609126968,0.100000000071934,1.03006698603329,15.2773109243698,0
46,Pyramidal Cell,,0.733333333333333,6.18883284971155,0.112866626113965,0.794483337105754,6.74675972083749,0.368052999631947
47,Pyramidal Cell,VPL,0.466666666666667,2.12294647287461,2.02533017597451,0.935232681926372,3.33439829605964,1.01095197978096
48,Wide Interneuron,,1.24166666666667,76.2499787415099,9.24455292763743,-0.994974252194618,2.65444941344222,8.33463156254868
49,Pyramidal Cell,,0.525,18.3400473745289,2.97817449940034,0.935479951185862,0.653721682847896,0
50,Pyramidal Cell,,0.558333333333333,11.9751408179201,2.27523002539145,0.84305453749646,10.7733333333333,0
51,Pyramidal Cell,,0.616666666666667,10.8730788107679,0.777942085509164,1.05186173857259,61.8271028037383,3.02506482281763
52,Wide Interneuron,,0.566666666666667,10.3877868252183,3.21408218306194,0.550918613737422,6.73333333333334,0
53,Wide Interneuron,,0.641666666666667,58.4084732348748,5.68754587189818,1.05988226280511,4.80952380952381,0
54,Pyramidal Cell,VPL,0.475,1.00022122568479,0.857361742250906,1.02983572759996,4.64705882352941,1.26984126984127
55,Wide Interneuron,VPM,0.45,7.26046809696607,6.9782275246061,1.0189974000794,5.16058394160584,3.64963503649635
56,Pyramidal Cell,,0.591666666666667,19.5293083747192,0.554991892606425,1.02348347164115,56.9468085106382,0.66577896138482
57,Pyramidal Cell,MEA,1.10833333333333,2.59811183356737,2.36865161145311,-0.912135629022683,1.91368421052632,0.359712230215827
58,Wide Interneuron,,0.666666666666667,12.6632832442822,18.7715331788757,0.171967663516842,0,0
59,Pyramidal Cell,,0.708333333333333,8.84433689448348,0.651393852551389,0.118333051575995,10.8046511627907,0
60,Pyramidal Cell,,0.533333333333333,17.3143646829598,1.53747591633211,1.01345800414639,28.4425287356322,1.20918984280532
61,Pyramidal Cell,,0.558333333333333,19.2088625603459,2.57869391279775,0.753340776659596,2.97058823529412,1.17508813160987
62,Pyramidal Cell,,0.583333333333333,23.0422329708299,0.225232913504454,1.0529976002061,67.3333333333334,0
63,Narrow Interneuron,VPM,0.375,13.7249406076065,0.66870512810169,1.0197690184037,9.97827288810261,5.26336935995821
64,Wide Interneuron,,0.75,7.55647605996528,9.04652106908258,0.669729119224507,0.531578947368421,1.06564364876385
65,Pyramidal Cell,,0.533333333333333,16.7548520702493,2.57375969140733,1.05977169958858,50.5,1.68918918918919
66,Wide Interneuron,,0.466666666666667,129.423757798562,3.40478706341699,0.0507773111686984,2.22794117647059,0.474608448030375
67,Pyramidal Cell,,0.65,10.2095917268953,2.52428770361538,0.439716813873548,6.78991596638656,0
68,Pyramidal Cell,,0.608333333333333,24.9648900122399,0.102892881521109,0.788645379470617,2.85512367491166,0
69,Wide Interneuron,RT,1.15,233.268618910945,0.675377596670521,-1.00178111789074,4.60423216444982,0.918800964741013
70,Wide Interneuron,,0.525,145.66660311051,2.86004853174644,0.80258356754732,4.66806722689076,0.486144871171609
71,Narrow Interneuron,VPM,0.341666666666667,12.0155270485053,0.866190750701262,0.996973266968382,18.1610134859011,13.4451351742085
72,Pyramidal Cell,,0.466666666666667,8.68051055874005,2.73662371359432,1.03646736748399,0.543254146122815,0
73,Pyramidal Cell,MEA,0.433333333333333,14.5862111586442,1.53999363599938,0.956771422034233,5.66355140186916,0
74,Pyramidal Cell,,0.441666666666667,16.2308232402425,0.608224164729929,-0.754051164746641,5.6423599025409,0
75,Wide Interneuron,,0.616666666666667,168.840900279792,2.45534141457642,0.981809686882007,7.21428571428571,0
76,Pyramidal Cell,,0.566666666666667,8.95001849810171,2.72571722357821,0.870826444601702,9.67523364485982,2.83553875236295
77,Pyramidal Cell,,0.525,15.5795686062177,1.15033412944743,0.609790318402243,19.5894206549118,0
78,Wide Interneuron,,0.525,5.16144155301579,3.05514179247745,0.870704196055759,6.73333333333333,12.2199592668024
79,Narrow Interneuron,,0.216666666666667,52.0536283704711,19.1918349811177,-0.00328205197444414,3.42305974316024,13.39405304045
80,Pyramidal Cell,,0.625,6.61306042282515,2.21532816361466,0.564778514127703,2.99703264094956,3.70828182941904
81,Pyramidal Cell,,0.558333333333333,17.834918025343,1.73949190900373,0.609628485007295,8.0198511166253,0
82,Wide Interneuron,,0.491666666666667,110.173690447596,0.36491375723479,0.983397842052156,28.1860465116279,1.6025641025641
83,Pyramidal Cell,,0.483333333333333,3.46953424313811,2.90083246832742,0.806983814132508,4.29352226720648,0.318877551020408
84,Narrow Interneuron,LD,0.3,25.1788479759434,1.04703705781028,1.01438110269402,5.37791547025339,6.45693756675405
85,Wide Interneuron,,0.566666666666667,127.914251365434,1.61061669432255,1.05122161400052,32.8837209302326,0
86,Wide Interneuron,,0.641666666666667,25.5525793977235,25.6213358904073,0.438099665993709,0,0
87,Narrow Interneuron,,0.316666666666667,9.53366818714554,1.88503304582355,-0.130584294782418,25.391061452514,0
88,Narrow Interneuron,,0.425,21.3235287902587,1.40811538114855,0.969123793428873,60.2741935483871,0
89,Wide Interneuron,,0.583333333333333,69.4813352105416,2.79906004930372,1.01094989731743,7.83620689655172,0.830564784053156
90,Wide Interneuron,VPL,0.483333333333333,51.339011932984,18.2356896994161,1.04189378222247,2.1218487394958,1.55078831739468
91,Wide Interneuron,,1.36666666666667,14.553413453967,28.3951538106728,-1.03669781084224,0.686779996699125,1.41806918684927
92,Pyramidal Cell,,0.516666666666667,11.0883806512738,0.908451403290799,-0.00571588489600166,8.958208057727,0.122729504172803
93,Pyramidal Cell,,0.591666666666667,1.0690589574559,0.982575055730093,0.652657444906013,1.22028659735881,0.89086859688196
94,Narrow Interneuron,VPM,0.375,499.851922233959,2.15393858795716,0.988913510611562,4.57308499475341,5.79968770912336
95,Wide Interneuron,,0.525,76.6111645366908,9.05710704791162,1.01181499641765,0.398815399802567,0
96,Wide Interneuron,,0.466666666666667,22.989906853959,16.5050790735046,0.174562800178523,1.64418604651163,0.948316737790422
97,Wide Interneuron,,0.791666666666667,63.03569269905,1.88361656204374,0.641406429638691,20.2,0
98,Narrow Interneuron,VPM,0.408333333333333,33.2621759095184,0.82297709278936,1.01198169543039,5.9519630834405,1.00073387150577
99,Narrow Interneuron,,0.4,17.3374374259766,5.93180185883157,1.05647791531898,0,0.468384074941452
100,Narrow Interneuron,VPM,0.383333333333333,12.6461591598357,5.97731695601696,0.980963124470242,4.62454212454212,0
101,Narrow Interneuron,VPM,0.408333333333333,20.1968812374926,1.94434931673228,0.948815799957826,3.83502989174341,7.95107033639144
102,Narrow Interneuron,VPM,0.425,113.60658617608,1.09140724848969,1.02766204622591,5.73049645390071,0.286642461303268
103,Narrow Interneuron,RT,0.375,27.8282938228793,0.868989621792556,1.02426104232468,10.2489021329987,4.27073896725767
104,Pyramidal Cell,,0.566666666666667,12.9689589889468,0.844786589098168,0.449236391059929,25.0629629629629,0
105,Wide Interneuron,RT,0.466666666666667,13.3757849729757,6.76385775443566,1.02532685180479,2.69094138543517,2.99653525611012
106,Wide Interneuron,,1.20833333333333,19.0785269646734,6.82729909443112,-1.0252089087541,2.50331288343558,0.399893361770195
107,Wide Interneuron,,0.791666666666667,86.5502371597576,0.523372955367183,0.641406265545231,14.7291666666667,0
108,Wide Interneuron,,0.55,60.2551357542239,0.780920399595897,1.06708957597445,29.6723163841808,0
109,Narrow Interneuron,VPM,0.341666666666667,14.0173342691781,0.514877252938829,1.01314811742711,10.0911142562063,11.0411078535338
110,Pyramidal Cell,,0.616666666666667,1.0000000004493,0.329019665950871,1.04613589738032,87.9455782312925,0
111,Wide Interneuron,MEA,0.633333333333333,9.9783001076381,5.943119404506,0.925634994735931,5.22413793103448,0
112,Wide Interneuron,,1.375,6.39524591438271,4.16450431559976,-0.925378631972354,0.853663777666357,2.92035398230089
113,Pyramidal Cell,,0.491666666666667,2.8114722735464,2.77876886445594,0.983397735656066,12.4180327868852,3.6036036036036
114,Pyramidal Cell,,0.483333333333333,6.82509433679226,2.5954146248454,0.657756876766332,3.70333333333333,0.950570342205323
115,Wide Interneuron,,0.583333333333333,38.3207394612965,1.60126827943864,1.13803785510548,0.802649006622516,0.526870389884089
116,Wide Interneuron,,0.591666666666667,15.7130062762617,26.9092219790939,0.162044862595205,0.849412884798477,1.89144736842105
117,Pyramidal Cell,,0.691666666666667,1.00004304277508,0.144500301829781,1.08988756983297,17.2763157894737,0
118,Wide Interneuron,,0.591666666666667,33.8038155985189,1.20115610850829,1.06774293782217,29.4583333333333,0
119,Pyramidal Cell,,0.441666666666667,6.83890987688458,0.859217484699121,1.01358556765179,9.52160430018607,2.47862188623126
120,Pyramidal Cell,,0.7,2.55186837595813,2.55224052933317,0.646110218680166,0.924412182420703,0.153586238673015
121,Narrow Interneuron,VPM,0.341666666666667,4.37921894878919,0.411649653274239,0.0170600798589193,18.5747126436782,16.6975881261596
122,Pyramidal Cell,RT,0.475,13.3945067001894,2.21559201691286,1.03490233478991,5.61854304635762,0
123,Narrow Interneuron,RT,0.425,2.27291982096358,2.04605452822361,1.005765806404,5.78318678962041,1.17130307467057
124,Wide Interneuron,,0.6,12.3221421606095,11.0156240676725,0.772675327161157,1.09420631182289,1.07845780533837
125,Narrow Interneuron,VPM,0.366666666666667,16.2667439831011,0.666657930757206,0.888529485824339,19.6975917883932,2.55885363357216
126,Wide Interneuron,,0.516666666666667,22.0155998326268,45.5892872331987,0.8057331303926,0.166942148760331,0
127,Wide Interneuron,,0.591666666666667,18.21347072165,5.84098583621205,0.658965274372945,0,0
128,Narrow Interneuron,,0.225,174.107308556576,4.29209626135731,0.914292051532417,3.24080070650574,0.3269042170644
129,Pyramidal Cell,MEA,0.933333333333333,3.05662397635002,2.25682231145325,-0.92466060134132,0.454954954954955,0
130,Pyramidal Cell,,0.516666666666667,17.7223113886224,0.997731775542407,1.01322394098148,17.3711760707002,0
131,Wide Interneuron,MEA,0.525,44.1214697465701,48.9968344591775,0.997654814300009,0.693424874570901,0.638433709299851
132,Wide Interneuron,,0.675,17.5231847709664,6.04263054840909,0.840827003735482,0,0
133,Wide Interneuron,MEA,0.558333333333333,10.2747921006854,5.72724962013032,1.05117921304163,1.97686832740214,1.62522346822688
134,Wide Interneuron,,0.575,134.240781858148,8.41868613176109,0.925208921974452,0,0
135,Wide Interneuron,,1.35,316.966913253957,0.863598671670801,-1.00915059143376,4.49041468388851,0
136,Pyramidal Cell,,0.575,1.52949406845998,1.22823339408536,0.361651255057809,6.32365063788027,3.63023466874109
137,Wide Interneuron,,0.591666666666667,16.8502845847626,28.1823987637712,0.0918119316750641,0.568925050852762,1.46281999187322
138,Wide Interneuron,VPL,0.466666666666667,7.93151459378172,5.10788144127145,0.948260122704979,6.48995983935743,2.28310502283105
139,Narrow Interneuron,MEA,0.391666666666667,15.1487901740693,1.46862381376596,0.665563183117362,3.45912762520194,0.688172043010753
140,Wide Interneuron,RT,0.5,34.4006965780487,1.08019217716003,1.00252813090206,16.4017094017094,7.52212389380531
141,Pyramidal Cell,,0.575,1.94779912765073,1.75312334667038,0.99031599691827,0.952830188679246,0.116849731245618
142,Wide Interneuron,,0.758333333333333,8.7873124225939,19.5494764921003,0.130020344600559,0.0291598498700799,0
143,Wide Interneuron,,0.55,18.1291926626907,3.26486707863312,0.901970048402743,8.70689655172414,0
144,Pyramidal Cell,,0.525,8.85605900827876,1.65811081885013,1.01615018335704,6.79626168224299,2.66666666666667
145,Wide Interneuron,,0.666666666666667,5.98149738773956,5.11285315265666,-0.0505566474520328,0,0
146,Pyramidal Cell,,0.658333333333333,1.00000023181528,0.750787022522213,1.08714814194138,62.2642045454545,0
147,Narrow Interneuron,,0.383333333333333,3.65244413617245,3.36000944580763,0.641622877986218,1.75870646766169,0
148,Narrow Interneuron,,0.216666666666667,172.936643489878,2.05708504311576,0.899051502375226,5.2907031618688,0.717102904266762
149,Pyramidal Cell,,0.625,7.42554543343106,0.106117962783468,0.701813033099603,121.340277777778,0
150,Wide Interneuron,,0.65,30.7904272717539,49.7078368885478,0.751518880797031,0.741624598439651,0
151,Wide Interneuron,,0.433333333333333,10.0453263052628,13.7689507325939,1.01086907991691,1.1224233733644,1.9434628975265
152,Wide Interneuron,,0.616666666666667,30.855276142575,5.13979987722516,1.07011608545411,3.63309352517986,0
153,Narrow Interneuron,RT,0.4,26.5259517902686,1.4018386636779,0.858638608935747,6.25528700906345,6.67726550079491
154,Pyramidal Cell,,0.733333333333333,12.1538690537127,0.627076400299477,0.917541706222955,54.2455242966753,0
155,Wide Interneuron,,0.491666666666667,112.726005112275,3.90968303564999,0.920662293435729,0.320634920634921,0
156,Pyramidal Cell,,0.575,14.8033420131696,0.903183245131763,0.752289211963221,12.3170731707317,2.44798041615667
157,Pyramidal Cell,,0.608333333333333,22.382702163125,1.03872187159354,0.437720166232472,45.0557620817844,0
158,Pyramidal Cell,,0.533333333333333,1.00003014487466,0.709773574449481,0.894457763173814,34.0326086956521,0.554631170271769
159,Pyramidal Cell,,0.533333333333333,1.24375596343765,0.962705153553998,0.981456684318868,3.33292593497922,1.92813321647677
160,Pyramidal Cell,,0.541666666666667,14.4391024547592,0.442694146350646,0.87607305331556,17.5652173913043,0
161,Pyramidal Cell,,0.725,8.5396463417074,1.57915307657154,0.751360940453903,1.2559348858241,2.35241402486838
162,Pyramidal Cell,,0.666666666666667,1.00000000000863,0.418276220140727,0.71401456822313,2.34364640883978,0
163,Wide Interneuron,,1.225,66.8843623860821,17.7139160926092,-0.220492907979813,0,0
164,Wide Interneuron,,0.541666666666667,9.66107091673077,10.4244553156341,0.805649340492596,0.0410903173311636,0
165,Narrow Interneuron,,0.425,68.792333782144,2.98736364012581,0.927774061258237,11.5234899328859,0
166,Wide Interneuron,,0.841666666666667,23.155737251678,29.7474431301852,0.779189821404017,0.238841265149276,0.385306961212433
167,Narrow Interneuron,,0.266666666666667,12.7137787936355,4.18444852499655,1.02044998262693,5.67017543859649,0
168,Pyramidal Cell,,0.691666666666667,3.45472394311705,2.84267994243669,0.817317025100563,0.306060606060606,0
169,Pyramidal Cell,VPL,0.475,10.2507439337865,0.76625307633541,0.980433580455771,8.37288686605982,0.497079657015037
170,Narrow Interneuron,,0.233333333333333,66.8948157370076,27.5720831256412,-0.0109465232287486,3.36038693445538,7.1414784790581
171,Wide Interneuron,,0.433333333333333,22.7395775076617,22.8174795875872,1.01913109581333,0.647435897435898,0
172,Wide Interneuron,,0.991666666666667,13.9926822371354,6.90562009371804,1.02194281513781,0.340640809443508,2.685546875
173,Pyramidal Cell,,0.583333333333333,9.76949361148538,2.76154720286021,1.05485909544718,0.895125553914328,0.347463516330785
174,Narrow Interneuron,VPM,0.425,15.0774688406551,1.58866683287768,0.889693447053759,6.86644165863066,5.36040145985401
175,Wide Interneuron,,1.06666666666667,7.24936147636244,6.99317102206668,0.751310768655865,0,0
176,Pyramidal Cell,VPM,0.475,16.9922885135572,0.827245766015989,0.317109988780144,31.8859504132231,0
177,Wide Interneuron,,0.633333333333333,4.16027126856125,4.16212645036663,0.418214058014515,1.47114845938375,1.0752688172043
178,Wide Interneuron,,0.583333333333333,364.020027596899,1.76977475932824,1.09208720665855,0.359430604982207,0
179,Pyramidal Cell,,0.441666666666667,2.91103837880873,2.65160811592454,0.905859932559235,2.90892579138557,3.6563071297989
180,Pyramidal Cell,,0.491666666666667,21.107966810589,1.6342482093955,0.870379301276306,6.05069124423963,0
181,Narrow Interneuron,,0.425,56.6434414331483,0.783910516930678,0.702477094226098,19.4875518672199,2.38853503184713
182,Pyramidal Cell,,0.533333333333333,8.09711648984953,0.232141838340262,0.894457580554754,270.603773584905,0
183,Narrow Interneuron,VPM,0.375,23.9186898540578,0.789435789637278,0.959516687354873,9.06964276509098,28.9591494124231
184,Wide Interneuron,VPM,0.466666666666667,42.4378407036928,0.871525249663049,0.988586950153966,21.5377483443709,4.0453074433657
185,Wide Interneuron,,0.583333333333333,3.33242283203636,3.02677659347653,-0.0262280852032842,10.9189189189189,0
186,Pyramidal Cell,,0.541666666666667,14.3240513946336,1.85044363360393,0.374311502456169,34.6285714285714,4.88485694347523
187,Pyramidal Cell,,0.641666666666667,12.8620008838451,2.85645195595095,0.556778989399363,4.71799307958478,1.757855416392
188,Narrow Interneuron,MEA,0.408333333333333,11.2692857400799,3.43424202656048,0.718284261841468,5.34705882352942,1.9404915912031
189,Pyramidal Cell,MEA,0.475,1.00000000000002,0.100000000000022,0.910905297881162,10.5588235294118,0.349976668222119
190,Pyramidal Cell,,0.483333333333333,7.51569573821501,1.46216536020076,0.829081229018551,4.62553879310345,0
191,Wide Interneuron,VPL,0.616666666666667,31.6290763232883,0.635980300195239,1.04040656637122,32.8391061452514,1.70502983802217
192,Pyramidal Cell,VPL,0.475,1.31034265676721,1.07652899231344,0.945257690642086,3.32643839742946,0.852459016393443
193,Pyramidal Cell,,0.575,22.9548055748078,2.06359258239926,1.05204283525394,9.32717678100264,1.4873574615766
194,Narrow Interneuron,LD,0.275,35.8235482882496,1.63560709737247,1.03557278442587,2.69489027928908,0.344320280464519
195,Wide Interneuron,,0.475,13.7151092413795,9.06475021740512,0.990670369709016,1.00331125827815,0.901306894997747
196,Wide Interneuron,,0.575,350.747501454045,0.583150106296077,0.846164851398599,21.4659400544959,1.59914712153518
197,Narrow Interneuron,RT,0.241666666666667,124.168381276818,2.93243945611268,1.01612334551914,3.39446577006987,8.16391024965764
198,Pyramidal Cell,VPM,0.45,27.6433348121556,1.0035455390069,0.964888986305264,43.4942196531792,7.0778564206269
199,Narrow Interneuron,,0.425,2.66435132882348,2.47417202641734,0.961775878686283,8.45085296506905,4.47171381031614
200,Wide Interneuron,,0.8,13.9129995119867,9.93092387213108,-0.0528893775761988,0,0
201,Wide Interneuron,RT,0.441666666666667,33.674113284907,0.750596129968633,0.940949245870903,10.5589450270099,5.77634011090573
202,Wide Interneuron,,0.608333333333333,11.2892395796577,14.5901584126548,0.659141507018561,0,0
203,Narrow Interneuron,RT,0.4,12.3280593283013,1.1015101189122,0.972040576441115,17.0830283182431,8.91118765912835
204,Wide Interneuron,,0.533333333333333,96.4600079038621,16.0094327954966,-0.79363537289002,0.729914274322169,0.0593507033058342
205,Pyramidal Cell,,0.583333333333333,3.67757763254539,1.90439429736082,0.887809670245222,3.39495798319328,0.874890638670166
206,Pyramidal Cell,MEA,0.458333333333333,10.3778781673465,0.730453230392541,0.967694837310131,10.2768417575157,1.02524669998718
207,Wide Interneuron,,0.441666666666667,8.96041931005423,8.09046417431006,1.06152922730972,0.171768707482993,0.135354629128316
208,Wide Interneuron,VPL,0.483333333333333,3.38363469820381,3.18963681924161,1.04423429552206,3.65942028985507,4.49973530968767
209,Pyramidal Cell,VPL,0.508333333333333,3.02409983486052,2.69415381880709,0.982045128430496,9.04477611940298,0.727272727272727
210,Narrow Interneuron,VPM,0.416666666666667,7.57241727951676,2.37034618728692,0.850408234128645,5.49507906668141,5.21660240417328
211,Wide Interneuron,,0.558333333333333,12.8989044422464,13.0554188724105,0.788260998203007,0,0
212,Narrow Interneuron,,0.208333333333333,69.848305071231,3.20271433741797,1.00481460318466,4.38446564142496,0
213,Wide Interneuron,,0.708333333333333,30.6270125787874,15.8957433372686,0.77621931429984,0.086521987435751,0.726568176313877
214,Pyramidal Cell,VPM,0.433333333333333,17.4274288142405,1.80710999002399,0.933497367970428,12.1896551724138,3.76884422110553
215,Wide Interneuron,,0.533333333333333,4.19868573634495,3.55480181596554,0.559325295571817,7.7008797653959,1.24378109452736
216,Narrow Interneuron,,0.425,61.0782361956297,1.99485199435083,0.321737612511669,8.94718909710393,3.07692307692308
217,Narrow Interneuron,,0.408333333333333,1.41936546434843,1.23369888242546,0.925791199283787,167.172413793103,0
218,Narrow Interneuron,VPM,0.408333333333333,7.01412281297692,0.664240936813021,1.01674053968029,16.2966183574879,11.5521327014218
219,Narrow Interneuron,VPM,0.383333333333333,18.9118516795091,0.526441429806897,0.988313079169173,12.8886310904872,18.8982710092481
220,Pyramidal Cell,,0.591666666666667,12.4277090332757,1.57871878533427,0.731157302978544,1.02020202020202,0
221,Pyramidal Cell,,0.475,8.38862517545,1.61466718586988,0.0621356896565635,10.2546795235394,0.508130081300813
222,Pyramidal Cell,,0.583333333333333,1.70552398218926,1.24494063099947,0.971825791914817,2.17282179992829,0.632396783810642
223,Wide Interneuron,,0.683333333333333,16.9071839917352,6.1821746748232,-0.38312911038984,0.131596091205212,0
224,Wide Interneuron,,0.575,17.2453611003835,8.75472067455825,0.184962325498913,0.76071842410197,1.22925629993854
225,Pyramidal Cell,,0.733333333333333,1.08634023453458,1.08086590037772,-0.0543436609073161,7.28096118299446,0.450653447498873
226,Wide Interneuron,,1.33333333333333,265.540165749571,0.519752120778876,-1.02812415787038,8.14077563939317,1.40151987043727
227,Narrow Interneuron,,0.425,14.7235227273166,0.620093178561378,-0.75295084628288,6.53321678321678,0.232666356444858
228,Wide Interneuron,,0.483333333333333,11.2250830280146,4.49056144059549,1.03439516744522,1.32225579053374,0
229,Pyramidal Cell,,0.658333333333333,3.49094679206629,0.146024322810598,0.924811199571996,179.555555555555,0
230,Wide Interneuron,MEA,0.841666666666667,7.86284340747526,6.58894666639354,0.259396917449525,0.0875596012136974,0.43731778425656
231,Narrow Interneuron,,0.225,194.062764768297,3.9396867434584,0.882482695098402,2.7319290976059,0.328263486158223
232,Wide Interneuron,MEA,0.775,12.7762180437262,8.22752430695508,-0.743126776233962,0.0340640809443508,0.135740464232388
233,Wide Interneuron,,0.525,30.7252529925634,14.0412614410897,1.00006516524319,0.319014529374605,0
234,Pyramidal Cell,VPL,0.475,1.15580516405561,0.954062218889778,0.98465042727963,6.05165289256198,0.222469410456062
235,Pyramidal Cell,,0.6,10.0263585845935,2.05626215812172,1.05782975681342,7.52909090909091,2.26025185663545
236,Wide Interneuron,,0.833333333333333,13.121721603859,13.126495033912,0.642894419606421,0.146650072599046,0.726141078838174
237,Wide Interneuron,MEA,0.5,50.0809829133347,2.49018389501706,-0.510590730197652,1.41094295692666,0.758917278016696
238,Wide Interneuron,,0.525,17.3375016205596,5.93220486033388,1.05821444845535,0,0
239,Wide Interneuron,,0.566666666666667,130.778193922038,3.37864522745921,1.04082896623338,11.7566137566138,2.09380234505863
240,Wide Interneuron,,0.658333333333333,15.6602815971153,11.1374729046241,0.951363001211391,3.34806629834254,1.06326422115896
241,Narrow Interneuron,RT,0.358333333333333,9.83266403581099,1.76622247925686,1.01308465335463,6.96942663870263,7.02612476223749
242,Wide Interneuron,MEA,0.583333333333333,5.81901549099844,5.79688486354271,0.146980028642055,0.764186633039092,1.05652403592182
243,Narrow Interneuron,,0.225,10.6864641058727,11.9961433686701,1.0206760946104,0.282649253731343,0.760745530620008
244,Wide Interneuron,VPL,0.516666666666667,11.1457095724036,9.24071257772854,1.04277924575553,3.65060240963855,0
245,Pyramidal Cell,VPL,0.466666666666667,18.658606418187,0.910790566729297,0.99531391169956,7.78536205554114,0.39609189331925
246,Narrow Interneuron,RT,0.241666666666667,27.1283104927382,0.346562345452086,0.348333729041683,6.38928432237287,4.92704187985598
247,Narrow Interneuron,,0.216666666666667,28.5245101286524,13.4359718061484,-0.180352405170157,1.9573365514304,0.324485690181063
248,Pyramidal Cell,,0.683333333333333,10.6874379332882,0.537109612760952,0.82137594201851,62.3629690048939,0
249,Pyramidal Cell,RT,0.441666666666667,17.1926417705951,1.39954688223991,0.934025034019238,5.50909090909091,6.12021857923497
250,Narrow Interneuron,VPM,0.4,6.86311771467668,0.215717636694033,0.962133716374859,22.0788058743279,82.8656939768051
251,Narrow Interneuron,VPM,0.375,1.00003727348013,0.666504746350201,0.986261698641907,3.31519391897728,0.474308300395257
252,Pyramidal Cell,,0.725,14.0582634707928,0.59055792483436,-0.355689837379181,30.8135593220339,0
253,Pyramidal Cell,,0.608333333333333,10.1831178989316,1.42707656017845,0.929600165221583,11,1.67364016736402
254,Pyramidal Cell,VPM,0.491666666666667,9.75256424994537,2.18591871004141,0.888761613338629,117.833333333333,0
255,Pyramidal Cell,,0.566666666666667,29.7935058332836,0.272149621187232,1.03944406766933,257.767573696145,0
256,Wide Interneuron,,0.433333333333333,3.42733517669221,3.10069264798806,1.02255367366114,6.89681335356601,3.02288757737153
257,Wide Interneuron,,0.866666666666667,10.4431907414761,8.41968695864871,0.716300486107172,0.0222958057395143,0
258,Wide Interneuron,,0.733333333333333,25.8978427948496,25.8884795592323,0.582753713577054,0.0745937961595273,0.579150579150579
259,Pyramidal Cell,,1.36666666666667,1.64413624721255,1.63105915704231,-1.02909104485433,1.829497299543,0.455729166666667
260,Narrow Interneuron,LD,0.325,41.6421230641859,1.7258880069014,1.02387820188922,2.66249759476621,1.35074290859973
261,Pyramidal Cell,,0.541666666666667,12.3890436645046,1.41410015722008,0.833472358093175,7.575,0
262,Narrow Interneuron,RT,0.166666666666667,13.2720241270396,0.22445229152572,1.02432467920533,45.9905381431106,32.8266137915841
263,Narrow Interneuron,RT,0.4,15.4347336866567,1.68296054529269,1.01856807891387,11.9916387959866,1.10782865583456
264,Wide Interneuron,,0.533333333333333,6.91026400040117,5.57207879466298,1.04336125131907,0.287866449511401,0.806842020332419
265,Wide Interneuron,,0.508333333333333,22.0374363214975,35.2806123950544,0.0758255478769191,0.891253568647808,0.152951973080453
266,Wide Interneuron,,0.566666666666667,9.69596144001555,9.69960088742866,0.821094099498949,0.313664596273292,0.109313511149978
267,Wide Interneuron,,0.7,6.91776982739675,7.03652751716807,0.26360841927143,0,0.211841965893443
268,Wide Interneuron,VPM,0.45,38.8892776507836,0.411063820043268,0.950255554426976,78.1935483870967,2.61780104712042
269,Wide Interneuron,,0.575,168.791379459309,2.46188588121152,0.941364713368671,6.9313725490196,0
270,Pyramidal Cell,,0.575,10.8655382701831,1.07640490225803,1.05097341544224,172.822222222222,1.36239782016349
271,Wide Interneuron,,0.475,52.4444486794488,20.108365318346,1.06797154838137,0.175002887836433,0.290423291948014
272,Narrow Interneuron,,0.316666666666667,5.76123538905923,7.29124849827549,1.05300567319534,0.0963893749005885,0.337952010814464
273,Narrow Interneuron,,0.275,25.295104751408,3.45247362514286,1.01838337204099,2.28409893992933,0
274,Pyramidal Cell,,0.725,16.3345341075707,1.77193582268009,0.0642438855132869,5.26302729528536,0.223214285714286
275,Wide Interneuron,,0.683333333333333,18.7523233852767,8.26852063438802,-0.821511640306303,0.745387453874539,0.687568756875688
276,Narrow Interneuron,,0.208333333333333,17.3536030926201,6.10288498255179,0.962244663520434,0,0
277,Wide Interneuron,,0.483333333333333,10.762278135759,4.43613773223595,0.994392083636091,6.2080378250591,2.90909090909091
278,Pyramidal Cell,,0.541666666666667,13.2075581389752,1.69022894796316,0.843426839872164,27.8311111111111,2.65392781316348
279,Pyramidal Cell,RT,0.466666666666667,18.5667593360327,0.824313338674089,0.964874911702961,10.3270139691209,27.4973432518597
280,Wide Interneuron,,0.883333333333333,14.5779460007249,10.5026765934936,0.573331511684757,0,0
281,Narrow Interneuron,VPL,0.258333333333333,11.0971701157667,2.50300671337039,0.996494829201256,9.98479087452472,0.407996736026112
282,Narrow Interneuron,VPM,0.333333333333333,23.9687524764704,0.252123038503757,0.997773394820168,18.4361912287633,2.97353553374963
283,Wide Interneuron,,0.808333333333333,9.07051637108871,3.82442267857741,-0.491229638752352,0.906767955801105,0.590086546026751
284,Narrow Interneuron,,0.225,62.9254999340329,20.141883625752,-0.199918061915857,0.451814215496769,0
285,Wide Interneuron,,0.95,6.69492594365775,8.50201059637235,0.655736669763746,0.607620320855615,0.330505673680732
286,Narrow Interneuron,VPL,0.216666666666667,1.00000000005753,0.499099695011376,1.05297560458612,3.79972337482711,0.376818147561987
287,Narrow Interneuron,VPM,0.408333333333333,39.0945113940446,0.927569701478756,0.994762963815503,15.8449541284404,4.58015267175572
288,Pyramidal Cell,,0.583333333333333,10.9657209832809,0.579518581047891,1.05299761832437,58.075,4.41988950276243
289,Pyramidal Cell,,0.983333333333333,18.7243273999641,2.28290565948769,0.120684531362134,0.68013468013468,1.28
290,Pyramidal Cell,,0.575,2.16509268591269,1.99225994719108,0.909070676379569,2.23682508891044,0.868357068426537
291,Wide Interneuron,,0.55,5.69674773724525,5.38562613030516,1.03102576434476,1.27848101265823,1.15928587989798
292,Wide Interneuron,MEA,0.566666666666667,5.27816743300993,5.28140763381693,0.0243165370471062,0.412058023572076,0.556121976086755
293,Narrow Interneuron,,0.416666666666667,7.49583216113454,2.17304503647322,0.898031532009706,9.76650943396226,3.19148936170213
294,Wide Interneuron,,0.566666666666667,206.135897470207,2.2128071540098,0.941451151920284,1.96556886227545,0.329055610398157
295,Narrow Interneuron,VPM,0.391666666666667,25.2967104629604,0.800145610117201,1.0533739995645,16.0941028858218,0.762485703393061
296,Wide Interneuron,MEA,1.05,26.0674115256525,28.7425210135529,-0.801236830561364,0.262585677144883,0.112956060092624
297,Pyramidal Cell,VPL,0.516666666666667,4.22428235817504,2.58765577517274,0.953955716103401,8.78260869565217,1.73837461973055
298,Wide Interneuron,VPL,0.558333333333333,499.994391388215,0.426936458687575,1.02761258297456,16.7122302158273,0
299,Pyramidal Cell,VPL,0.483333333333333,1.81643362763396,1.81914500530081,0.921214773873562,5.5234375,1.06450926123057
300,Narrow Interneuron,VPM,0.416666666666667,500,1.05413504544895,1.03041535366847,3.90506602226633,0.372606006408823
301,Narrow Interneuron,,0.35,27.7226335196724,2.13324351256225,0.849020858080697,9.40686274509804,0
302,Wide Interneuron,,0.625,13.4922813555086,13.7271326176194,0.926362823646673,0,0
303,Wide Interneuron,,0.533333333333333,22.532284433879,8.9692859987006,0.933863475601991,0.414784394250513,0
304,Narrow Interneuron,,0.408333333333333,10.3370847125906,1.87627835929634,1.01330910277762,0,0
305,Wide Interneuron,VPL,0.508333333333333,113.246291063238,3.08783721071585,0.993382215781075,3.32992269213279,0.316823318196219
306,Wide Interneuron,,0.608333333333333,6.01187681561156,3.54129750328329,0.796720800723662,0,0
307,Wide Interneuron,MEA,0.516666666666667,7.84030928477253,5.55018251559049,-0.684375374313642,0.861284820920977,1.26063662149385
308,Narrow Interneuron,VPM,0.4,17.2456342481602,1.98354389029494,0.991425079606682,3.55595473324951,5.69837466813443
309,Narrow Interneuron,VPM,0.4,9.79484496222553,0.770642525036131,0.95849370479933,15.407221820436,4.83537976746713
310,Wide Interneuron,,0.541666666666667,5.36559378495669,4.27980158036151,1.05621850759529,8.3013698630137,0
311,Pyramidal Cell,,0.558333333333333,12.3142997121142,0.899950227510992,0.682703491557143,76.8805970149254,0
312,Wide Interneuron,VPM,0.591666666666667,95.2448914669534,1.01546921921987,0.922388694328078,5.97816475683479,29.4799176107106
313,Narrow Interneuron,MEA,0.275,28.4619245599779,2.55088134841341,1.01530397837751,1.65889992360581,2.48056887712915
314,Narrow Interneuron,VPM,0.408333333333333,17.6950512836945,0.256718925759534,0.986937307768776,10.7566931450427,15.4380548050946
315,Pyramidal Cell,,0.575,23.5665147871011,0.682824389281748,1.04794312800515,12.2061611374408,0.441501103752759
316,Narrow Interneuron,,0.3,289.648486691238,5.58879882722796,1.02957962542845,1.04469164715066,0.320034136974611
317,Wide Interneuron,,0.983333333333333,4.83281745030539,6.45344822219971,0.603848506221869,0.0646606914212549,0
318,Wide Interneuron,,0.5,8.70395192427159,3.8157561842972,0.276211688608911,3.93506493506494,4.50740502253703
319,Wide Interneuron,VPM,0.433333333333333,56.7538644809117,0.854757594815206,1.03240745548814,5.31104276217878,4.74485228290063
320,Narrow Interneuron,VPL,0.216666666666667,1.25150245099373,1.14967256634573,1.05630350176094,3.19736443501969,0.469410107964325
321,Pyramidal Cell,,0.533333333333333,2.77952750833369,2.55429489378241,0.576988168642696,1.2531017369727,2.18818380743982
322,Narrow Interneuron,,0.391666666666667,19.0354086326488,27.1763563236173,1.07145225618973,0.755003617072582,1.90973967232888
323,Wide Interneuron,,0.633333333333333,66.485037496201,1.33586380068533,0.116282006598042,8.56228373702423,0
324,Wide Interneuron,,0.6,18.9299968277162,3.12932847634764,1.05158774355954,8.93565683646112,0.86095566078347
325,Pyramidal Cell,,0.691666666666667,11.8852618910763,0.440409802968009,0.502907252465467,72.59375,3.89105058365759
326,Narrow Interneuron,,0.425,28.3748836705008,0.655278914285405,0.384678712301633,24.4484126984127,0.323415265200517
327,Narrow Interneuron,VPM,0.383333333333333,254.22731388509,0.92956900035465,0.996847686637634,8.19899425287356,0
328,Narrow Interneuron,,0.208333333333333,15.9018209311449,4.4405022293945,0.948147744731403,0,0
329,Wide Interneuron,,0.533333333333333,6.476202807345,5.45282810118465,0.00612075195333856,0.166036495150419,0.643618977565281
330,Narrow Interneuron,,0.341666666666667,42.4554398203858,2.04437460257344,0.00532373573078385,0.462053753778286,0.126310471138057
331,Narrow Interneuron,MEA,0.35,42.8640166605892,8.89741272227736,1.01541882024725,0.0296274567321795,0.101653564651667
332,Wide Interneuron,,1.19166666666667,68.0165094773117,10.9933117223789,-1.00352148093286,2.09664794963417,1.80198218039844
333,Wide Interneuron,,0.45,12.8012033031984,10.7225422769974,0.674746900988324,0.163606911447084,0
334,Narrow Interneuron,VPM,0.35,19.2096500317012,0.771707016898464,0.968440347381881,18.0377708095781,11.3760217983651
335,Pyramidal Cell,,1.38333333333333,7.19240731619343,0.549132008170609,-1.01688309938163,13.5209419946262,0.172057811424639
336,Wide Interneuron,,0.658333333333333,49.2753147846045,14.3883415613221,0.951362495442229,2.62337662337662,0
337,Pyramidal Cell,,0.541666666666667,2.24245947648851,1.67096597648656,0.86858474036337,0.137042062415197,0.455373406193078
338,Pyramidal Cell,,0.666666666666667,25.9100089236706,0.920156735350069,0.223419509915275,73.4545454545455,0
339,Wide Interneuron,,0.525,9.00383160999182,10.5657864894847,1.01132709792342,0.707943925233645,0
340,Wide Interneuron,,0.6,6.36396728795114,4.94713968705131,0.974409767467858,1.7527114967462,0.612369871402327
341,Pyramidal Cell,,0.591666666666667,1.73302335950129,1.41728923854566,1.01978265921662,2.33214920071048,0.881834215167548
342,Wide Interneuron,,1.01666666666667,48.9536458019961,16.5363449341382,0.0131530271916944,0,0
343,Wide Interneuron,VPL,0.483333333333333,106.713038563954,1.82787063662302,1.01109244784947,9.61904761904762,1.19712689545092
344,Wide Interneuron,,0.758333333333333,293.337064662634,0.581943831721097,0.893577930718192,7.54896907216495,0
345,Wide Interneuron,,0.566666666666667,39.6098357608808,2.42163865046527,0.895593113489882,3.44709897610921,1.25156445556946
346,Pyramidal Cell,VPM,0.475,8.26663291435153,0.566482997520145,0.916248499650663,23.5981308411215,3.99680255795364
347,Pyramidal Cell,VPL,0.5,1.69471503013322,1.20625720884652,1.023741997369,4.85028248587571,0.331895121141719
348,Wide Interneuron,,0.658333333333333,43.8099406559427,0.78349558931158,1.08714818039169,45.3469387755102,0
349,Narrow Interneuron,RT,0.408333333333333,21.4228440785818,0.450798592392628,0.967819920736626,12.7660989888238,3.4821145932257
350,Wide Interneuron,,0.516666666666667,40.7439051652668,2.54800075084228,0.966596868375249,0.487138263665595,1.45391102064554
351,Narrow Interneuron,,0.425,1.08044829215297,0.559854894570527,0.833087574406397,10.6771428571429,0.635324015247776
352,Pyramidal Cell,,0.608333333333333,2.18443981693815,1.79474416426427,0.717014654305926,1.01507537688442,9.1533180778032
353,Pyramidal Cell,,0.508333333333333,15.2904139290477,0.702918981399628,1.05858631415839,20.6267605633803,1.42348754448399
354,Narrow Interneuron,MEA,0.35,1.00000024026622,0.43828576061443,0.803901757773862,7.29122231337162,2.14882610425786
355,Pyramidal Cell,RT,0.525,19.2818202776177,0.716853992923815,0.965377728357581,25.0827814569536,0
356,Pyramidal Cell,,0.541666666666667,9.23218805991667,1.54338575015639,0.99403166374851,2.43035631652013,0.484183344092963
357,Narrow Interneuron,VPM,0.366666666666667,15.7197959492511,0.787717144336463,0.993591463239835,14.7987173162309,2.47933884297521
358,Wide Interneuron,,0.591666666666667,132.720488928736,2.54870892282824,1.01385606643932,10.7733333333333,1.80722891566265
359,Narrow Interneuron,MEA,0.4,7.74537456593267,1.20747966403485,0.969005316325016,5.05226051924799,1.47316730971589
360,Narrow Interneuron,VPM,0.233333333333333,209.446022724156,6.04061762216939,0.341776021506298,2.40594710037786,0.168435236651508
361,Wide Interneuron,,0.708333333333333,15.850562345864,7.11598523564443,0.290387549994337,0,0
362,Wide Interneuron,,1.31666666666667,101.828649213295,8.30081249201856,-0.983192019569208,2.75019731649566,6.13496932515337
363,Pyramidal Cell,,0.658333333333333,23.8935583979289,0.975771020724182,0.924811002010074,292.9,0
364,Narrow Interneuron,VPL,0.241666666666667,165.587735454561,4.39945196126557,1.00090657155888,0.628606328524895,0.846381718154888
365,Wide Interneuron,,0.566666666666667,12.3511610473576,3.14188899270395,0.462298364973271,3.11568123393316,2.21729490022173
366,Narrow Interneuron,LD,0.325,11.6173082100291,1.39746847997324,-0.588950394710287,8.75639651125728,10.1933500525847
367,Narrow Interneuron,,0.4,16.8102704226568,10.5897478122594,1.05255152610176,0.947368421052631,0.919286633572348
368,Wide Interneuron,,0.5,5.00735635482471,4.24511994785258,0.729883172901827,0.50584307178631,0.658978583196046
369,Pyramidal Cell,RT,0.5,18.1158592667319,1.30045790656652,1.01642431819393,8.18918918918919,0
370,Wide Interneuron,,0.7,17.9094607694837,27.5442792208003,0.672973349615817,0.881326352530541,1.14692051840807
371,Wide Interneuron,,0.533333333333333,74.0920003735821,8.13782891069584,0.970243025674205,0,0
372,Wide Interneuron,,0.783333333333333,7.90232056576837,10.3606548988908,0.594158611276359,1.12671624713959,5.77533930118394
373,Wide Interneuron,VPL,0.458333333333333,16.1341711851342,3.15199827936949,1.03131937507264,0,0
374,Narrow Interneuron,,0.35,9.91344704999053,6.33172557620847,0.531590757180225,1.3325572370974,0.309214594928881
375,Narrow Interneuron,,0.4,23.7144297592285,23.7079655142977,0.740707172216396,1.04515522107244,3.30872995673199
376,Pyramidal Cell,,0.45,2.09712572470985,2.01195827927025,0.585011788813683,4.26760563380282,0
377,Narrow Interneuron,RT,0.2,10.9412403737945,2.51650020482015,1.03314696819227,5.15274260098218,7.42837536455653
378,Narrow Interneuron,VPM,0.4,207.473071140849,0.48462996226112,1.01783025695791,10.3675496688742,0
379,Wide Interneuron,,0.5,9.4314661741344,6.86298548314029,1.0483418175459,1.68181818181818,2.13371266002845
380,Pyramidal Cell,,0.45,9.99186692754231,1.76402942160686,1.00817791709629,2.42159717489623,0.248793352241628
381,Wide Interneuron,,0.558333333333333,35.3672125878838,0.272187554150121,0.850682390741014,197.77566539924,0.403225806451613
382,Narrow Interneuron,RT,0.333333333333333,496.80623833319,0.100004914618465,1.00098352113103,13.3827962812528,22.5376426584828
383,Wide Interneuron,MEA,0.691666666666667,14.0851767491847,3.85454129430414,-0.842088095701508,2.78806767586821,1.74389636273044
384,Narrow Interneuron,RT,0.383333333333333,16.2301523194354,1.35913614125707,0.99525226796557,16.3238789415307,4.24178154825027
385,Wide Interneuron,,0.541666666666667,6.71477066995088,9.0823691335439,0.247129321756606,0.125354609929078,0.0834515563715263
386,Narrow Interneuron,RT,0.408333333333333,3.56529004370079,0.118074338544254,0.760343850147355,9.47427371368569,62.3042867940827
387,Wide Interneuron,,0.5,17.3381465557984,5.93226021840935,1.06378312681799,0,0.122970978848992
388,Narrow Interneuron,LD,0.275,21.0433296651845,2.1318659195868,1.01706974730756,4.35128417564209,3.55017228777279
389,Pyramidal Cell,,0.533333333333333,3.69497410482077,2.78002161392818,0.970243525002553,0,0
390,Wide Interneuron,,0.475,19.2676495814167,3.02911085799854,1.05776831948249,1.91469194312796,0.132802124833997
391,Wide Interneuron,RT,1.36666666666667,305.927977530558,0.632477228518506,-1.01042454023992,3.69247311827957,0.845002414292612
392,Wide Interneuron,RT,0.458333333333333,71.7856171103341,8.96100091418819,1.03974165924527,2.49859729660801,4.49066414559206
393,Wide Interneuron,RT,0.45,51.4856818902724,0.654883205314603,0.981478568069215,10.1799003808966,5.44354838709677
394,Pyramidal Cell,,0.575,1.7074084065117,1.61792729357321,0.782595431039643,1.37831690674754,0.489955903968643
395,Pyramidal Cell,RT,0.45,24.9278535831452,0.445555586530425,0.926194657580264,16.2592778335005,16.388557806913
396,Wide Interneuron,,0.525,36.7575026654859,0.384717170861677,0.988174567942696,24.9896907216495,0
397,Wide Interneuron,,0.65,7.49383121739026,11.1831202617334,0.694054193528109,0.0326543808600065,0.428265524625268
398,Wide Interneuron,,0.566666666666667,172.773031171493,2.10715194275182,0.550918731109399,33.6666666666667,0
399,Narrow Interneuron,MEA,0.308333333333333,11.2794438261686,8.84346289546287,-0.24333417763056,1.80142687277051,0.384763370527126
400,Wide Interneuron,RT,0.6,32.1866155469753,1.7671737049971,0.950101442641061,4.64950826532747,4.25416976163144
401,Wide Interneuron,MEA,0.741666666666667,3.86862466494722,3.88138489743397,-0.758957663933263,2.30857142857143,0.947418285172904
402,Narrow Interneuron,,0.316666666666667,9.54817646531197,6.85957654361434,1.03242138979555,1.35548281505728,2.40247111314495
403,Wide Interneuron,,0.991666666666667,100.649282765722,9.2029331989145,-0.21256460917537,0.302395209580838,0.757002271006813
404,Wide Interneuron,,0.583333333333333,12.7657474255226,13.8496863225686,0.87636793556585,0,0
405,Pyramidal Cell,,0.491666666666667,10.8245237246926,1.5244814988005,0.764485570889407,3.57672849915683,1.21138703815869
406,Wide Interneuron,,0.625,7.35625028191168,7.49255688039593,1.03879351920982,0.140407784986098,0
407,Narrow Interneuron,,0.425,10.072799614983,9.77677635021951,0.972673217981666,1.89138576779026,0
408,Narrow Interneuron,,0.2,142.443800567655,8.4192760347714,1.03662884534688,0.611503531786074,0
409,Wide Interneuron,RT,1.24166666666667,10.2258500276601,4.69195066767629,-0.949168895743476,4.31564438318401,1.17716303708064
410,Pyramidal Cell,,0.533333333333333,11.782134942956,0.845159227720047,1.03066542082879,15.7800383877159,1.28442985585843
411,Wide Interneuron,MEA,0.475,27.2208942753122,28.8230013628738,0.976496693585876,0,0
412,Pyramidal Cell,,0.583333333333333,1.0001763346573,0.78389421221738,0.883238499063952,3.1613725944818,5.39135457783768
413,Narrow Interneuron,,0.425,24.4592338166255,6.87911678368019,1.0467902540045,1.94903513112321,0.980605796469819
414,Wide Interneuron,RT,0.458333333333333,5.23692023920292,5.23866660067861,0.995188308345743,2.10595744680851,3.22438809907665
415,Narrow Interneuron,,0.375,107.028149500917,2.28322765768874,-0.526148983882145,0.590643274853801,0
416,Wide Interneuron,,0.608333333333333,95.2321732863919,1.22543634572987,0.837160434822353,12.4831460674157,0
417,Wide Interneuron,MEA,0.6,19.1891944518939,7.40490418116501,0.514106983741092,0.420582986317668,0.469263256687001
418,Wide Interneuron,,0.533333333333333,9.42968071514229,7.16106880567881,0.933864169144242,0,0
419,Wide Interneuron,RT,0.466666666666667,35.7882441898116,0.596599675919252,0.973208298382469,12.772373540856,3.99680255795364
420,Narrow Interneuron,VPL,0.183333333333333,30.0957959461254,11.3691130558788,0.239786345415847,1.20332965125454,1.33919005785301
421,Pyramidal Cell,,0.466666666666667,12.4872447707863,2.93683159886698,1.10883584835924,1.06574675324675,0.298373862449649
422,Pyramidal Cell,,0.641666666666667,7.43146260786467,1.10089838572239,0.962304434460744,3.56404556821339,1.44491270319085
423,Pyramidal Cell,,0.55,22.737715706208,0.73359141364981,0.937758922790555,71.7909407665505,1.50075037518759
424,Pyramidal Cell,RT,0.466666666666667,28.2439303920142,0.875032894785378,0.965992811985696,9.32431356943892,7.01480904130943
425,Narrow Interneuron,VPM,0.341666666666667,12.0901850668389,15.9632726460469,0.0170600950501795,21.2631578947368,14.8423005565863
426,Pyramidal Cell,,0.558333333333333,21.8264956534262,1.27759501822798,1.00919773819108,10.300283286119,0.829531314807134
427,Narrow Interneuron,,0.4,19.3428923631562,0.938809807072546,-0.785502189253644,11.9046546546547,0
428,Narrow Interneuron,,0.333333333333333,9.40423598512713,4.59061257566419,1.03075010310217,0,0.140056022408964
429,Narrow Interneuron,,0.208333333333333,29.8405018861893,8.89226322779058,0.0470777993227293,2.03682595352915,0
430,Wide Interneuron,VPL,0.5,36.8352852700899,0.478147679113762,0.925539722933687,6.17162592986185,0.216778668978972
431,Wide Interneuron,MEA,0.766666666666667,10.5954518665083,12.1903620001016,-0.781009509343366,0.269692923898531,0.232991612301957
432,Wide Interneuron,,0.55,50.0112652261352,0.325450450013692,0.94018349522785,32.131862745098,0
433,Wide Interneuron,,0.766666666666667,13.6624953083262,13.7694937638663,0.150463978894676,0,0
434,Narrow Interneuron,,0.216666666666667,16.8413221262655,4.55387145193846,0.944551154735231,0,0.158177791838026
435,Pyramidal Cell,VPM,0.441666666666667,1.0000000000001,0.100000467747854,0.987700321444137,10.3115183246073,2.39808153477218
436,Narrow Interneuron,,0.216666666666667,60.2182720227652,12.8691298158216,0.066071628812638,1.92321387104265,0.193498452012384
437,Narrow Interneuron,,0.416666666666667,10.216288503976,7.52825351998936,1.03515485826446,2.56849876948318,0.401552670325258
438,Narrow Interneuron,VPM,0.375,15.2972818184167,1.81003414112889,0.0079921057925428,10.4018143009605,3.41933478396021
439,Narrow Interneuron,MEA,0.35,2.09220251986344,1.83954689855949,1.0303576632051,5.88912386706949,2.22444666889111
440,Pyramidal Cell,VPL,0.491666666666667,13.8514072478623,0.973762683651134,0.998935705852605,10.7970939283861,1.4269858886951
441,Pyramidal Cell,VPL,0.458333333333333,15.6890481028389,2.9967186945626,1.03131942799141,0,0
442,Wide Interneuron,VPM,0.466666666666667,81.0808135838898,0.726971984481607,0.918979568418604,14.5627906976744,1.15163147792706
443,Wide Interneuron,,0.708333333333333,56.018710185421,24.4972440402247,0.306639206513429,0.967629554362027,1.67364016736402
444,Pyramidal Cell,,0.591666666666667,9.39599935093342,0.360960946589761,0.248987668333134,186.21875,0
445,Pyramidal Cell,VPL,0.475,1.80558744962092,1.36950137754523,1.03507073191139,12.9857142857143,0
446,Pyramidal Cell,VPL,0.466666666666667,9.29829741765162,0.906522846664391,1.00556353077936,8.19455826913621,2.263614021472
447,Pyramidal Cell,,0.508333333333333,13.8411116197097,1.1953514512362,1.01772848548833,14.2526132404181,3.0228084638637
448,Narrow Interneuron,,0.258333333333333,5.20914115514116,5.20565600341114,1.03114376333972,1.25886864813039,0.883739198743126
449,Narrow Interneuron,RT,0.391666666666667,17.0590788958876,2.06398085557623,0.911997974029053,9.74225885497884,11.6453794139745
450,Wide Interneuron,,0.583333333333333,25.0033241574406,3.25293805272196,0.980370786344162,5.9731182795699,1.72018348623853
451,Wide Interneuron,MEA,0.991666666666667,9.23375759188141,13.7231688679913,-0.800321934754088,0.169179229480737,0.374882849109653
452,Wide Interneuron,,0.583333333333333,23.291280092909,23.2964100239881,0.744955840253717,0.197233523189585,0.19147917663954
453,Wide Interneuron,,0.466666666666667,5.09233639182472,3.60519021733365,0.0246045384873661,0.59220170038112,0.147492625368732
454,Pyramidal Cell,,0.633333333333333,29.243212112676,0.964073965050476,-0.365312896300167,69.1052631578947,0.921658986175115
455,Wide Interneuron,,0.641666666666667,4.08566277459835,3.70424210050498,0.593669738307594,1.69747899159664,0.694927032661571
456,Pyramidal Cell,MEA,0.575,2.85772508188922,2.59015512568503,0.913598185654651,0.961141950832673,1.07962213225371
457,Wide Interneuron,,0.575,34.601233314373,1.89898650419974,1.0125438612425,1.58307210031348,2.83788577509755
458,Wide Interneuron,MEA,0.466666666666667,8.80884971048914,15.8677115843841,1.00296224837075,0,0.203645249974544
459,Pyramidal Cell,,0.625,18.6115284618951,0.609681775551674,0.974315805859054,248.892857142857,1.59235668789809
460,Pyramidal Cell,,0.625,1.01166320971049,1.36763556466178,0.727850230026747,1.00629260618773,0
461,Narrow Interneuron,VPL,0.183333333333333,13.2916907235185,2.26897161340625,1.0270212691325,5.03401245312555,7.24422098592806
462,Pyramidal Cell,VPM,0.616666666666667,9.35655094840137,0.927922399152497,0.926111128860219,22.4444444444444,4.75866757307954
463,Narrow Interneuron,RT,0.416666666666667,1.86207513227649,1.70531512268251,0.966055092830243,5.75834143181082,0.854179377669311
464,Narrow Interneuron,,0.275,13.1909122287742,6.60956677530234,0.877793694453502,2.42923219241443,0
465,Wide Interneuron,VPM,0.458333333333333,291.657925908176,0.315208401490402,-0.314701755924591,7.4065552060917,12.7034537514887
466,Wide Interneuron,MEA,0.491666666666667,37.3704598072334,10.4073441195949,0.495464333885714,1.30154639175258,2.42314099651673
467,Pyramidal Cell,,0.675,7.12191637344206,0.363265575968018,0.704953881100186,20.6948775055679,3.72825186412593
468,Wide Interneuron,,0.625,131.682464688187,3.03672004351903,0.231175355901012,7.69109195402299,6.66173205033309
469,Wide Interneuron,MEA,0.5,3.1064952531284,3.11199567950625,0.940819625534816,1.04472610722611,2.43779421654338
470,Wide Interneuron,VPL,0.508333333333333,12.8626257168679,5.45811279340098,0.977370868337195,5.98257839721254,0
471,Pyramidal Cell,,0.658333333333333,9.58052108521772,0.653940440487102,1.03870478787971,77.3172413793104,0.685400959561343
472,Wide Interneuron,VPL,0.45,8.30483512641586,5.67435904105941,1.03437830607646,2.41929706738303,0.504371217215871
473,Wide Interneuron,,0.908333333333333,25.1373775253083,43.3499616902814,-0.363003139717102,0.390866873065016,1.07296137339056
474,Pyramidal Cell,VPL,0.483333333333333,1.52294649531624,1.63839965625238,0.997593232062339,3.19873317498021,3.44395742016281
475,Narrow Interneuron,,0.408333333333333,3.59831296587533,0.14963028305086,0.925791223105515,55.9759036144578,0
476,Wide Interneuron,,0.491666666666667,4.28734345434243,4.295868037503,0.254775471281187,3.84030418250951,0.410677618069815
477,Narrow Interneuron,LD,0.191666666666667,160.673631655043,3.43682048051133,0.475546132124799,3.29428247014871,13.4145067669397
478,Narrow Interneuron,,0.375,8.53034598785443,0.923371020617696,0.979995230185392,115.577319587629,0.749063670411985
479,Wide Interneuron,,0.558333333333333,9.54449676146609,9.60482292366336,1.01188046096651,1.87636130685458,2.36756436815626
480,Narrow Interneuron,,0.333333333333333,24.6721662209583,3.02032420280425,0.194076101453063,1.35874439461884,0
481,Pyramidal Cell,VPL,0.516666666666667,1.67842210278231,1.67252096949736,0.989584512208025,14.7291666666667,0
482,Pyramidal Cell,,0.641666666666667,1.00256311994542,0.374298798759404,1.0061695395103,63.6847290640394,0
483,Pyramidal Cell,,0.691666666666667,1.9380172647988,1.92733560426674,0.586061157183168,3.68524458700882,0.806191551112544
484,Wide Interneuron,,0.55,205.476438815431,1.43244768952258,1.04120591414065,11.2222222222222,0
485,Pyramidal Cell,VPM,0.441666666666667,10.4003190452541,0.929814195843231,0.957606808933672,8.60878058811434,7.1691725580006
486,Pyramidal Cell,,0.65,23.7497964308861,2.53523492124916,1.07987198452705,1.7527114967462,0.346020761245675
487,Pyramidal Cell,,0.566666666666667,2.72220045681032,2.72243652490795,1.03980935495829,0.548913043478261,0.497677504976775
488,Pyramidal Cell,VPM,0.45,7.01258352125384,0.223937210728076,0.959717164816437,26.0860927152318,77.0461210343908
489,Wide Interneuron,,0.483333333333333,11.6699619373405,8.27674087077166,0.687158657950117,2.98816568047337,0
490,Pyramidal Cell,,0.575,11.5913139523958,2.247401466032,1.04447982004448,1.92932187201528,0
491,Narrow Interneuron,,0.366666666666667,7.38348103365022,0.471444556925676,0.469932465951966,257.422102839601,0.96140640021975
492,Narrow Interneuron,VPM,0.416666666666667,128.289476455303,5.06767943911821,0.993937698666667,4.17075892857143,1.5319800842589
493,Wide Interneuron,,0.575,32.9193478977588,2.10627232503065,0.984051338398775,12.4764705882353,0
494,Narrow Interneuron,MEA,0.383333333333333,62.0991133984383,2.52246919150303,1.02743376829429,8.33740262760144,0.749727371864776
495,Narrow Interneuron,VPM,0.425,46.004490713187,0.81086711404323,1.00869870791261,13.7377118644068,6.81885561814409
496,Narrow Interneuron,,0.408333333333333,27.6515982372891,5.61120337697783,0.606732473940489,2.54985866068818,1.82277061132922
497,Wide Interneuron,,0.491666666666667,6.76391034347634,3.7635265582349,0.961453037511616,1.80818414322251,0
498,Wide Interneuron,,0.841666666666667,5.71143699212291,20.6555385370412,0.763981887082349,0.121760096443641,0.533049040511727
499,Narrow Interneuron,VPM,0.333333333333333,3.50235273883788,0.438782609150716,-0.0292427682910469,18.0465465465465,35.1506456241033
500,Wide Interneuron,RT,0.475,77.5871981767316,3.12731063833225,0.986425060897969,4.37090985856027,4.22832980972516
501,Pyramidal Cell,VPL,0.55,15.1269529516353,2.16169402027625,1.04533119287953,8.03010420686993,1.97536602370439
502,Pyramidal Cell,,0.591666666666667,9.68971308529713,0.645341356900972,0.863833693360444,72.72,0
503,Wide Interneuron,,0.475,14.3205473506348,10.301895123135,1.03483369296599,2.65956112852665,1.85372430064038
504,Wide Interneuron,,0.458333333333333,16.6967856541774,9.12334200738803,0.399506805593638,0.605806142034549,0.124937531234383
505,Pyramidal Cell,VPM,0.441666666666667,9.59734141911263,0.642853158196169,0.94250221820532,15.910570626754,86.1674956311332
506,Wide Interneuron,VPM,0.466666666666667,179.171336827326,2.11851563656178,0.822224115857319,5.57379535643449,3.73818592185075
507,Wide Interneuron,,0.608333333333333,5.84021189708532,3.61889331206206,0.324742927602991,1.81981981981982,1.4194464158978
508,Wide Interneuron,VPL,0.483333333333333,45.913878151724,1.22357099084425,0.952403735497534,7.23042505592841,0
509,Pyramidal Cell,,0.691666666666667,13.693023224086,0.328477028506748,0.548470342951033,9.18181818181818,0
510,Narrow Interneuron,,0.308333333333333,8.09941462257427,8.09796921908107,0.813688477181759,0.854947403024326,0.233863423760524
511,Pyramidal Cell,,0.558333333333333,3.30213065536298,0.661793831245355,0.585474311217669,14.3395061728395,0
512,Wide Interneuron,VPL,0.491666666666667,165.844492671817,2.99840667083398,1.02353279681575,3.47609942638623,4.90810359231412
513,Narrow Interneuron,,0.25,39.6383947808575,14.6171576110913,1.04821181128191,0.0285633484162896,0.167056465085199
514,Wide Interneuron,VPL,0.45,113.770100532967,0.520994279153327,1.04042227334711,6.75805793553652,1.28068303094984
515,Wide Interneuron,,0.458333333333333,40.6971272895059,0.72259883184778,0.602702328797589,6.51612903225807,0
516,Wide Interneuron,,1.01666666666667,11.8366651159996,11.8142508243636,0.614391566324961,0.0955534531693472,1.06473594548552
517,Pyramidal Cell,,0.583333333333333,12.7280670506988,0.403766981508594,0.591109165321613,57.7142857142857,0
518,Wide Interneuron,,0.958333333333333,16.8687080530283,29.5081388980553,0.0927109490786494,0.0911278195488721,0.754066573306043
519,Wide Interneuron,MEA,0.933333333333333,19.3072279953116,4.61949869046582,-0.924660566863198,0,0
520,Wide Interneuron,,0.966666666666667,11.9530749253869,20.624942542999,-0.400183729863957,0.284001775936066,1.16618075801749
521,Wide Interneuron,MEA,0.716666666666667,17.6187733822806,7.90521364073416,-0.334043260370517,0,0
522,Pyramidal Cell,,0.633333333333333,10.5637755627431,0.550133230761411,1.04878319492783,51.2288659793814,2.32504068821204
523,Narrow Interneuron,RT,0.158333333333333,9.31862432454146,0.659161554442443,0.553039328720033,7.59460725016584,20.6118355065196
524,Wide Interneuron,,0.725,55.2920446917937,0.25800936619203,-0.355689223662648,14.4285714285714,0
525,Pyramidal Cell,,0.516666666666667,16.5675954294242,2.93561088099636,0.615184784423093,7.05396825396825,0
526,Wide Interneuron,,0.683333333333333,9.69558231606347,4.78752565023039,0.389198999335893,1.2773261065944,2.42895312120476
527,Pyramidal Cell,MEA,0.491666666666667,1.00047950299336,0.975745791729962,1.00913055452529,11.6353919239905,0.82135523613963
528,Narrow Interneuron,LD,0.216666666666667,11.2104104659892,1.7632298102431,1.01981254419045,6.68684691105073,24.2583521382575
529,Pyramidal Cell,,0.516666666666667,5.62782743485683,0.273189148063145,1.02153825859869,96.5888554216867,1.23507616303005
530,Wide Interneuron,MEA,0.633333333333333,4.86099168425278,4.86136793405717,0.229357540370769,0.327239065031243,0.739957716701903
531,Wide Interneuron,,0.583333333333333,36.1005396810306,1.54595128799747,1.00879436944471,7.71834061135371,0
532,Wide Interneuron,,0.658333333333333,9.95081439739721,3.55464323136734,1.05650878654368,11.312,0
533,Pyramidal Cell,,0.583333333333333,5.93003974068435,0.478266338140424,1.07277913652803,1745.85714285714,0
534,Wide Interneuron,,0.466666666666667,11.7782343706492,7.00471203239924,0.97996834863109,9.25190839694656,2.59067357512953
535,Wide Interneuron,,0.8,9.23491544872697,11.1091566085141,0.675727303001202,0.76121959575197,0.633633253073121
536,Narrow Interneuron,RT,0.191666666666667,6.40048357411603,0.146627066684004,1.00930593204606,78.0956676136364,57.2643160790198
537,Wide Interneuron,VPM,0.85,313.67489270198,1.17158569557232,0.804285216806251,2.85263757836742,5.00485164189776
538,Narrow Interneuron,VPL,0.275,17.0033042459306,0.815701597603646,0.975927968311613,5.21555171795183,43.5061061201572
539,Narrow Interneuron,VPL,0.158333333333333,74.0102883255106,2.42634652533417,1.02076036084879,2.64912685413735,8.63748075177696
540,Narrow Interneuron,LD,0.275,11.4406206102159,1.06525311665032,0.993890939321341,5.05452882941497,22.7572427572428
541,Narrow Interneuron,VPL,0.241666666666667,17.6564201617807,1.56999707077351,0.9784866081645,4.13529817634714,12.9820089510655
542,Narrow Interneuron,VPL,0.275,44.4153265683173,2.0296829662648,1.01993816579619,3.33426106461022,11.6593233020201
543,Narrow Interneuron,LD,0.216666666666667,17.5176884150414,1.02139660818138,1.02215380174115,9.69907835392329,18.5955468558845
544,Narrow Interneuron,VPL,0.175,78.8452573359891,1.98181875275206,0.681255914717621,3.53257932729477,5.54389535500011
545,Pyramidal Cell,MEA,0.466666666666667,9.31798216429097,0.359363575354208,1.0182910058706,11.9651002614468,0.793949833135967
546,Narrow Interneuron,VPM,0.408333333333333,281.773397054589,0.7718956800525,1.01786941276642,4.82880045805897,2.98036968046998
547,Narrow Interneuron,RT,0.108333333333333,499.506248528,3.11713136941524,-0.446318953593374,1.39892243162842,11.4698385726423
548,Narrow Interneuron,LD,0.258333333333333,13.8248118079025,2.88086176957961,1.00026955790595,5.12388627438918,6.8417921376596
549,Wide Interneuron,,1.11666666666667,485.003860276819,2.252034956434,-1.00012548780509,0.834100677543337,0.172044490705296
550,Wide Interneuron,VPL,0.45,233.002013683107,0.595709293960209,0.990419614396754,3.88749389514812,1.68433345310816
551,Narrow Interneuron,LD,0.241666666666667,14.1805459378904,1.43040525908906,0.997454472669586,5.87310840127088,9.08327736736064
552,Wide Interneuron,,1.3,486.828670141618,2.12166144079129,-0.96696002152431,0.958436868679443,0.041930479265378
553,Narrow Interneuron,RT,0.408333333333333,21.7317342134829,0.607535530079977,0.985698843638036,6.17493868221335,10.2464937431931
554,Pyramidal Cell,VPL,0.483333333333333,19.8492037714688,0.821083718075142,0.987926512321698,13.2928447384339,14.4678764100049
555,Narrow Interneuron,VPL,0.233333333333333,14.3222392476861,0.750712940681761,1.00771107694362,5.29678771795898,1.78758699590047
556,Wide Interneuron,,1.325,105.703045996279,27.0214082859129,-1.04571165136775,0.603906164757229,0.246419220699215
557,Narrow Interneuron,LD,0.275,24.1337886287648,1.51228799891265,1.02442435710463,4.25382367021946,5.11657493707996
558,Pyramidal Cell,VPM,0.458333333333333,23.7238327185216,0.556213921918749,1.03051523957534,11.0688364120261,0.430729471125742
559,Wide Interneuron,VPL,0.508333333333333,136.866508159988,0.290401150341951,0.959674406058326,6.11932510263312,3.5873520217291
560,Wide Interneuron,VPL,0.45,481.064533937867,0.672297830116175,0.820183519594253,4.59512082156886,2.93228259873545
561,Narrow Interneuron,MEA,0.358333333333333,1.53279292347344,2.09478070044142,1.02219127130367,0.863880742913001,0.975856585224808
562,Wide Interneuron,,1.35833333333333,73.3493462141573,13.5634564198244,-0.998793202818317,2.02882930423354,4.21278704774492
563,Wide Interneuron,VPL,0.441666666666667,357.918183262877,4.13607299649671,1.04098562183926,2.76205123883364,0.93140222605132
564,Wide Interneuron,,0.433333333333333,39.2414675658052,49.9871971124556,0.052239195305876,0.485302430751837,0.31661600810537
